natural order names	last first names
Abner Monroe Perrin	Perrin, Abner Monroe 
Abraham Buford II	Buford, Abraham 
Absolom M. West	West, Absolom M. 
Albert Creswell Garlington	Garlington, Albert Creswell 
Albert G. Blanchard	Blanchard, Albert G. 
Albert G. Jenkins	Jenkins, Albert G. 
Albert Sidney Johnston	Johnston, Albert Sidney 
Albert S. Marks	Marks, Albert S. 
Alcibiades DeBlanc	DeBlanc, Alcibiades 
Alexander Boarman	Boarman, Alexander 
Alexander Davis	Davis, Alexander 
Alexander E. Steen	Steen, Alexander E. 
Alexander F. Mathews	Mathews, Alexander F. 
Alexander Lawton	Lawton, Alexander 
Alexander P. Stewart	Stewart, Alexander P. 
Alexander Travis Hawthorn	Hawthorn, Alexander Travis 
Alexander W. Campbell	Campbell, Alexander W. 
Alexander William Campbell 	Campbell, Alexander William 
Alexander W. Reynolds	Reynolds, Alexander W. 
Alfred Cumming 	Cumming, Alfred 
Alfred E. Jackson	Jackson, Alfred E. 
Alfred H. Colquitt	Colquitt, Alfred H. 
Alfred Moore Scales	Scales, Alfred Moore 
Alfred Mouton	Mouton, Alfred 
Allen Thomas	Thomas, Allen 
Ambrose R. Wright	Wright, Ambrose R. 
Andrew Russell Barbee, Jr.	Barbee, Andrew Russell 
A. P. Hill	Hill, A. P. 
Archer Allen Phlegar	Phlegar, Archer Allen 
Archibald C. Godwin	Godwin, Archibald C. 
Archibald Gracie III	Gracie, Archibald 
Archibald S. Dobbins	Dobbins, Archibald S. 
Archibald T. MacIntyre	MacIntyre, Archibald T. 
Arnold Elzey	Elzey, Arnold 
Arthur Middleton Manigault	Manigault, Arthur Middleton 
Augustus A. Chapman	Chapman, Augustus A. 
Barnard Elliott Bee, Jr.	Bee, Barnard Elliott 
Basil W. Duke	Duke, Basil W. 
Benjamin Anderson 	Anderson, Benjamin 
Benjamin F. Cheatham	Cheatham, Benjamin F. 
Benjamin Franklin Gordon	Gordon, Benjamin Franklin 
Benjamin G. Humphreys	Humphreys, Benjamin G. 
Benjamin Hardin Helm	Helm, Benjamin Hardin 
Benjamin Huger 	Huger, Benjamin 
Benjamin J. Hill	Hill, Benjamin J. 
Benjamin McCulloch	McCulloch, Benjamin 
Benjamin Stephen Hooper	Hooper, Benjamin Stephen 
Beverly B. Douglas	Douglas, Beverly B. 
Beverly Robertson	Robertson, Beverly 
Birkett D. Fry	Fry, Birkett D. 
Braxton Bragg	Bragg, Braxton 
Bryan Grimes	Grimes, Bryan 
Bryan M. Thomas	Thomas, Bryan M. 
Cadmus M. Wilcox	Wilcox, Cadmus M. 
Camille Armand Jules Marie, Prince de Polignac	Polignac, Camille Armand Jules Marie Prince de 
Carnot Posey	Posey, Carnot 
Carter L. Stevenson	Stevenson, Carter L. 
Charles Clark 	Clark, Charles 
Charles G. Dahlgren	Dahlgren, Charles G. 
Charles J. Faulkner	Faulkner, Charles J. 
Charles Manly Stedman	Stedman, Charles Manly 
Charles M. Shelley	Shelley, Charles M. 
Charles Sidney Winder	Winder, Charles Sidney 
Charles S. Thomas	Thomas, Charles S. 
Charles Triplett O'Ferrall	O'Ferrall, Charles Triplett 
Charles W. Adams	Adams, Charles W. 
Charles W. Field	Field, Charles W. 
Christopher C. Bowen	Bowen, Christopher C. 
Claudius C. Wilson	Wilson, Claudius C. 
Claudius W. Sears	Sears, Claudius W. 
Clement H. Stevens	Stevens, Clement H. 
Collett Leventhorpe	Leventhorpe, Collett 
Colton Greene	Greene, Colton 
Cullen A. Battle	Battle, Cullen A. 
Dabney H. Maury	Maury, Dabney H. 
Dandridge McRae	McRae, Dandridge 
Daniel Govan	Govan, Daniel 
Daniel Harvey Hill	Hill, Daniel Harvey 
Daniel H. Reynolds	Reynolds, Daniel H. 
Daniel M. Frost	Frost, Daniel M. 
Daniel Ruggles	Ruggles, Daniel 
Daniel Smith Donelson	Donelson, Daniel Smith 
Daniel Weisiger Adams	Adams, Daniel Weisiger 
Danville Leadbetter	Leadbetter, Danville 
David A. Weisiger	Weisiger, David A. 
David Bullock Harris	Harris, David Bullock 
David E. Twiggs	Twiggs, David E. 
David Gardiner Tyler	Tyler, David Gardiner 
Dewitt Clinton Giddings	Giddings, Dewitt Clinton 
Douglas H. Cooper	Cooper, Douglas H. 
Dudley M. DuBose	DuBose, Dudley M. 
Dunbar's Guerillas	Guerillas, Dunbar's 
E. B. Teague	Teague, E. B. 
Edmund Kirby Smith	Smith, Edmund Kirby 
Edmund Pettus	Pettus, Edmund 
Edward A. O'Neal	O'Neal, Edward A. 
Edward Clark 	Clark, Edward 
Edward C. Walthall	Walthall, Edward C. 
Edward Higgins 	Higgins, Edward 
Edward Lloyd Thomas	Thomas, Edward Lloyd 
Edwin Gray Lee	Lee, Edwin Gray 
Elkanah Greer	Greer, Elkanah 
Ellison Capers	Capers, Ellison 
Felix Huston Robertson	Robertson, Felix Huston 
Fitzhugh Lee	Lee, Fitzhugh 
Francis Cockrell	Cockrell, Francis 
Francis Marion Walker	Walker, Francis Marion 
Frank A. Montgomery	Montgomery, Frank A. 
Gabriel J. Rains	Rains, Gabriel J. 
Gaspar Tochman	Tochman, Gaspar 
George A. Porterfield	Porterfield, George A. 
George Baird Hodge	Hodge, George Baird 
George B. Cosby	Cosby, George B. 
George B. Crittenden	Crittenden, George B. 
George Cabell	Cabell, George 
George D. Tillman	Tillman, George D. 
George D. Wise	Wise, George D. 
George E. Dixon	Dixon, George E. 
George Gibbs Dibrell	Dibrell, George Gibbs 
George H. Steuart 	Steuart, George H. 
George Johnstone 	Johnstone, George 
George Maney	Maney, George 
George P. Doles	Doles, George P. 
George Pickett	Pickett, George 
George T. Anderson	Anderson, George T. 
George Tankard Garrison	Garrison, George Tankard 
George Thomas Barnes	Barnes, George Thomas 
George Washington Custis Lee	Lee, George Washington Custis 
George Washington Jones 	Jones, George Washington 
George W. Croft	Croft, George W. 
George W. Dargan	Dargan, George W. 
George W. Johnson 	Johnson, George W. 
George W. Randolph	Randolph, George W. 
George W. Shell	Shell, George W. 
Gilbert S. Meem	Meem, Gilbert S. 
Goode Bryan	Bryan, Goode 
Gustavus Woodson Smith	Smith, Gustavus Woodson 
Hamilton P. Bee	Bee, Hamilton P. 
Harry T. Hays	Hays, Harry T. 
Henry Gray 	Gray, Henry 
Henry Harrison Walker	Walker, Henry Harrison 
Henry Heth	Heth, Henry 
Henry Hopkins Sibley	Sibley, Henry Hopkins 
Henry L. Benning	Benning, Henry L. 
Henry Marshall Ashby	Ashby, Henry Marshall 
Henry M. Mathews	Mathews, Henry M. 
Henry Warren Ogden	Ogden, Henry Warren 
Henry Washington Hilliard	Hilliard, Henry Washington 
Henry Watkins Allen	Allen, Henry Watkins 
Hiram B. Granbury	Granbury, Hiram B. 
Horace Randal	Randal, Horace 
Howell Cobb	Cobb, Howell 
Hugh W. Mercer	Mercer, Hugh W. 
Humphrey Marshall 	Marshall, Humphrey 
Hylan B. Lyon	Lyon, Hylan B. 
Isaac M. St. John	John, Isaac M. St. 
Isaac R. Trimble	Trimble, Isaac R. 
Isham Warren Garrott	Garrott, Isham Warren 
Jacob H. Sharp	Sharp, Jacob H. 
James A. Walker	Walker, James A. 
James B. Gordon	Gordon, James B. 
James Boggs 	Boggs, James 
James B. Terrill	Terrill, James B. 
James Camp Tappan	Tappan, James Camp 
James Cantey	Cantey, James 
James Chesnut, Jr.	Chesnut, James 
James C. McDearmon	McDearmon, James C. 
James Conner 	Conner, James 
James Craig 	Craig, James 
James D. Richardson	Richardson, James D. 
James E. Harrison	Harrison, James E. 
James E. Slaughter	Slaughter, James E. 
James F. Epes	Epes, James F. 
James Green Martin	Martin, James Green 
James Hagan 	Hagan, James 
James Harvey Carson	Carson, James Harvey 
James Henderson Berry	Berry, James Henderson 
James Henderson Blount	Blount, James Henderson 
James H. Kelley	Kelley, James H. 
James H. McBride	McBride, James H. 
James Hoge Tyler	Tyler, James Hoge 
James Holt Clanton	Clanton, James Holt 
James L. Alcorn	Alcorn, James L. 
James Lawrence Orr	Orr, James Lawrence 
James L. Kemper	Kemper, James L. 
James Longstreet	Longstreet, James 
James L. Robinson	Robinson, James L. 
James M. Goggin	Goggin, James M. 
James Morrison Hawes	Hawes, James Morrison 
James Norton 	Norton, James 
James P. Simms	Simms, James P. 
James Ronald Chalmers	Chalmers, James Ronald 
James T. Holtzclaw	Holtzclaw, James T. 
James William Boyd	Boyd, James William 
Jeptha Vining Harris 	Harris, Jeptha Vining 
Jeremy Francis Gilmer	Gilmer, Jeremy Francis 
Jerome B. Robertson	Robertson, Jerome B. 
Jesse J. Finley	Finley, Jesse J. 
John Adams 	Adams, John 
John A. Wharton	Wharton, John A. 
John Bell Hood	Hood, John Bell 
John B. Grayson	Grayson, John B. 
John B. Magruder	Magruder, John B. 
John Bordenave Villepigue	Villepigue, John Bordenave 
John Bratton	Bratton, John 
John Bullock Clark	Clark, John Bullock 
John Calvin Fiser	Fiser, John Calvin 
John C. Breckinridge	Breckinridge, John C. 
John C. Brown	Brown, John C. 
John C. C. Sanders	Sanders, John C. C. 
John C. Pemberton	Pemberton, John C. 
John David McAdoo	McAdoo, John David 
John Echols	Echols, John 
John George Walker	Walker, John George 
John Goff Ballentine	Ballentine, John Goff 
John Goode	Goode, John 
John Gregg 	Gregg, John 
John H. Evins	Evins, John H. 
John Horace Forney	Forney, John Horace 
John Hunt Morgan	Morgan, John Hunt 
John Lamb 	Lamb, John 
John Lawrence Manning	Manning, John Lawrence 
John May Taylor	Taylor, John May 
John Mobberly	Mobberly, John 
John Paul, Sr. 	Paul, John 
John Pegram 	Pegram, John 
John Peter Richardson III	Richardson, John Peter 
John R. Jones	Jones, John R. 
John R. Neal	Neal, John R. 
John Robert Brown 	Brown, John Robert 
John Rogers Cooke	Cooke, John Rogers 
John Selden Roane	Roane, John Selden 
John Sergeant Wise	Wise, John Sergeant 
John S. Marmaduke	Marmaduke, John S. 
Johnson Hagood 	Hagood, Johnson 
John S. Preston	Preston, John S. 
John S. Richardson	Richardson, John S. 
John Stuart Williams	Williams, John Stuart 
John Thomas Lewis Preston	Preston, John Thomas Lewis 
John W. Daniel	Daniel, John W. 
John W. Lawson	Lawson, John W. 
Joseph B. Kershaw	Kershaw, Joseph B. 
Joseph Finnegan 	Finnegan, Joseph 
Joseph Horace Lewis	Lewis, Joseph Horace 
Joseph Lancaster Brent	Brent, Joseph Lancaster 
Joseph O. Shelby	Shelby, Joseph O. 
Joseph Wheeler	Wheeler, Joseph 
Josiah Gorgas	Gorgas, Josiah 
Josiah Patterson	Patterson, Josiah 
Julius A. De Lagnel	Lagnel, Julius A. De 
Junius Daniel	Daniel, Junius 
Laurence M. Keitt	Keitt, Laurence M. 
Leonidas Polk	Polk, Leonidas 
Leroy Augustus Stafford	Stafford, Leroy Augustus 
LeRoy Pope Walker	Walker, LeRoy Pope 
Levin Major Lewis	Lewis, Levin Major 
Lloyd Tilghman	Tilghman, Lloyd 
Lola Sánchez 	Sánchez, Lola 
Louis Hébert 	Hébert, Louis 
Lucius B. Northrop	Northrop, Lucius B. 
Lucius E. Polk	Polk, Lucius E. 
Lucius Jeremiah Gartrell	Gartrell, Lucius Jeremiah 
Lucius M. Walker	Walker, Lucius M. 
Lucius Quintus Cincinnatus Lamar II	Lamar, Lucius Quintus Cincinnatus 
Mansfield Lovell	Lovell, Mansfield 
Manuel S. Corley	Corley, Manuel S. 
Marcellus Augustus Stovall	Stovall, Marcellus Augustus 
Marcellus Jerome Clarke	Clarke, Marcellus Jerome 
Marcus Joseph Wright	Wright, Marcus Joseph 
Martin Luther Smith	Smith, Martin Luther 
Mathew Ector	Ector, Mathew 
Matthew Butler	Butler, Matthew 
Matt Whitaker Ransom	Ransom, Matt Whitaker 
Maxcy Gregg	Gregg, Maxcy 
Milledge Luke Bonham	Bonham, Milledge Luke 
M. Jeff Thompson	Thompson, M. Jeff 
Montgomery Dent Corse	Corse, Montgomery Dent 
Moses Wright Hannon	Hannon, Moses Wright 
Moxley Sorrel	Sorrel, Moxley 
Nathan Bedford Forrest	Forrest, Nathan Bedford 
Nathan George Evans	Evans, Nathan George 
Nathaniel Edwin Harris	Harris, Nathaniel Edwin 
Nathaniel H. Harris	Harris, Nathaniel H. 
Nicholas Bartlett Pearce	Pearce, Nicholas Bartlett 
Nicholas N. Cox	Cox, Nicholas N. 
Oran Milo Roberts	Roberts, Oran Milo 
Otho F. Strahl	Strahl, Otho F. 
Patrick Cleburne	Cleburne, Patrick 
Patrick T. Moore	Moore, Patrick T. 
Paul C. Edmunds	Edmunds, Paul C. 
Paul Octave Hébert	Hébert, Paul Octave 
Peter Burwell Starke	Starke, Peter Burwell 
Peter J. Otey	Otey, Peter J. 
P. G. T. Beauregard	Beauregard, P. G. T. 
Philip B. Thompson, Jr.	Thompson, Philip B. 
Philip St. George Cocke	Cocke, Philip St. George 
Phillip Roddey	Roddey, Phillip 
Pinckney Downie Bowles	Bowles, Pinckney Downie 
Presley T. Glass	Glass, Presley T. 
Randall L. Gibson	Gibson, Randall L. 
Raphael Semmes	Semmes, Raphael 
Reuben Lindsay Walker	Walker, Reuben Lindsay 
Reuben Walker Carswell	Carswell, Reuben Walker 
Rice Alexander Pierce	Pierce, Rice Alexander 
Rice E. Graves	Graves, Rice E. 
Richard Alsop Wise	Wise, Richard Alsop 
Richard B. Garnett	Garnett, Richard B. 
Richard B. Hubbard	Hubbard, Richard B. 
Richard C. Gatlin	Gatlin, Richard C. 
Richard Chichester Mason	Mason, Richard Chichester 
Richard Griffith 	Griffith, Richard 
Richard Henry Dulany	Dulany, Richard Henry 
Richard L. T. Beale	Beale, Richard L. T. 
Richard Montgomery Gano	Gano, Richard Montgomery 
Richard S. Ewell	Ewell, Richard S. 
Richard Thomas Walker Duke	Duke, Richard Thomas Walker 
Robert Bullock	Bullock, Robert 
Robert B. Vance	Vance, Robert B. 
Robert E. Rodes	Rodes, Robert E. 
Robert G. Shaver	Shaver, Robert G. 
Robert H. Chilton	Chilton, Robert H. 
Robert H. Hatton	Hatton, Robert H. 
Robert Hoke	Hoke, Robert 
Robert Johnson Henderson	Henderson, Robert Johnson 
Robert Lowry 	Lowry, Robert 
Robert Murphy Mayo	Mayo, Robert Murphy 
Robert Ould	Ould, Robert 
Robert Plunket Maclay	Maclay, Robert Plunket 
Robert S. Garnett	Garnett, Robert S. 
Robert V. Richardson	Richardson, Robert V. 
Roger Atkinson Pryor	Pryor, Roger Atkinson 
Roger Hanson	Hanson, Roger 
Roswell S. Ripley	Ripley, Roswell S. 
Rufus Barringer	Barringer, Rufus 
Samuel B. Maxey	Maxey, Samuel B. 
Samuel Gibbs French	French, Samuel Gibbs 
Samuel I. Hopkins	Hopkins, Samuel I. 
Samuel J. Gholson	Gholson, Samuel J. 
Scott Field 	Field, Scott 
Seth Barton	Barton, Seth 
Sidney D. Jackman	Jackman, Sidney D. 
Simon Bolivar Buckner	Buckner, Simon Bolivar 
Smith S. Turner	Turner, Smith S. 
Solon Borland	Borland, Solon 
Stephen D. Lee	Lee, Stephen D. 
Sterling Price	Price, Sterling 
Stovepipe Johnson	Johnson, Stovepipe 
Theodore C. Pilcher	Pilcher, Theodore C. 
Thomas Benton Smith	Smith, Thomas Benton 
Thomas Bothwell Jeter	Jeter, Thomas Bothwell 
Thomas Croxton	Croxton, Thomas 
Thomas Drayton	Drayton, Thomas 
Thomas Flournoy	Flournoy, Thomas 
Thomas F. Toon	Toon, Thomas F. 
Thomas Harrison 	Harrison, Thomas 
Thomas H. B. Browne	Browne, Thomas H. B. 
Thomas H. Taylor	Taylor, Thomas H. 
Thomas James Churchill	Churchill, Thomas James 
Thomas Jordan 	Jordan, Thomas 
Thomas Jordan Jarvis	Jarvis, Thomas Jordan 
Thomas J. Strait	Strait, Thomas J. 
Thomas L. Rosser	Rosser, Thomas L. 
Thomas M. Logan	Logan, Thomas M. 
Thomas Neville Waul	Waul, Thomas Neville 
Thomas T. Munford	Munford, Thomas T. 
Thomas Whitehead	Whitehead, Thomas 
TJ Goree	Goree, TJ 
Tyree H. Bell	Bell, Tyree H. 
Victor Girardey	Girardey, Victor 
Walter Gwynn	Gwynn, Walter 
Walter H. Stevens	Stevens, Walter H. 
Walter P. Lane	Lane, Walter P. 
Washington C. Whitthorne	Whitthorne, Washington C. 
Wilburn Hill King	King, Wilburn Hill 
William Andrew Quarles	Quarles, William Andrew 
William A. Rinehart	Rinehart, William A. 
William Barksdale	Barksdale, William 
William B. Bate	Bate, William B. 
William Beall	Beall, William 
William B. Taliaferro	Taliaferro, William B. 
William Campbell Preston Breckinridge	Breckinridge, William Campbell Preston 
William Duncan Smith	Smith, William Duncan 
William Dunlap Simpson	Simpson, William Dunlap 
William E. Gaines	Gaines, William E. 
William Elliott 	Elliott, William 
William E. Starke	Starke, William E. 
William F. Perry	Perry, William F. 
William F. Tucker	Tucker, William F. 
William G. Lewis	Lewis, William G. 
William G. M. Davis	Davis, William G. M. 
William Harrison Martin	Martin, William Harrison 
William H. Brawley	Brawley, William H. 
William H. Cate	Cate, William H. 
William Henry Carroll	Carroll, William Henry 
William Henry Fitzhugh Lee	Lee, William Henry Fitzhugh 
William Henry Harman	Harman, William Henry 
William Henry Wallace	Wallace, William Henry 
William H. F. Payne	Payne, William H. F. 
William Hicks Jackson	Jackson, William Hicks 
William Hodges Mann	Mann, William Hodges 
William H. Perry	Perry, William H. 
William Hugh Young	Young, William Hugh 
William J. Hardee	Hardee, William J. 
William Lewis Cabell	Cabell, William Lewis 
William Lovenstein	Lovenstein, William 
William Mahone	Mahone, William 
William M. Browne	Browne, William M. 
William M. Gardner	Gardner, William M. 
William Miller 	Miller, William 
William N. Pendleton	Pendleton, William N. 
William Paul Roberts	Roberts, William Paul 
William Polk Hardeman	Hardeman, William Polk 
William Porcher Miles	Miles, William Porcher 
William Preston 	Preston, William 
William R. Boggs	Boggs, William R. 
William R. Peck	Peck, William R. 
William Smith 	Smith, William 
William Stephen Walker	Walker, William Stephen 
William Terry 	Terry, William 
William T. Martin	Martin, William T. 
William T. Wofford	Wofford, William T. 
William Whedbee Kirkland	Kirkland, William Whedbee 
William Wirt Adams	Adams, William Wirt 
William W. Loring	Loring, William W. 
William W. Mackall	Mackall, William W. 
William Y. Slack	Slack, William Y. 
Wilmot Gibbes de Saussure	Saussure, Wilmot Gibbes de 
W. Jasper Talbert	Talbert, W. Jasper 
Xavier Debray	Debray, Xavier 
Young Marshall Moody	Moody, Young Marshall 
Zachariah C. Deas	Deas, Zachariah C. 
