natural order names	last first names	just last names
Abner Monroe Perrin	Perrin, Abner Monroe 	Perrin
Abraham Buford II	Buford, Abraham 	Buford
Absolom M. West	West, Absolom M. 	West
Albert Creswell Garlington	Garlington, Albert Creswell 	Garlington
Albert G. Blanchard	Blanchard, Albert G. 	Blanchard
Albert G. Jenkins	Jenkins, Albert G. 	Jenkins
Albert Sidney Johnston	Johnston, Albert Sidney 	Johnston
Albert S. Marks	Marks, Albert S. 	Marks
Alcibiades DeBlanc	DeBlanc, Alcibiades 	DeBlanc
Alexander Boarman	Boarman, Alexander 	Boarman
Alexander Davis	Davis, Alexander 	Davis
Alexander E. Steen	Steen, Alexander E. 	Steen
Alexander F. Mathews	Mathews, Alexander F. 	Mathews
Alexander Lawton	Lawton, Alexander 	Lawton
Alexander P. Stewart	Stewart, Alexander P. 	Stewart
Alexander Travis Hawthorn	Hawthorn, Alexander Travis 	Hawthorn
Alexander W. Campbell	Campbell, Alexander W. 	Campbell
Alexander William Campbell 	Campbell, Alexander William 	Campbell
Alexander W. Reynolds	Reynolds, Alexander W. 	Reynolds
Alfred Cumming 	Cumming, Alfred 	Cumming
Alfred E. Jackson	Jackson, Alfred E. 	Jackson
Alfred H. Colquitt	Colquitt, Alfred H. 	Colquitt
Alfred Moore Scales	Scales, Alfred Moore 	Scales
Alfred Mouton	Mouton, Alfred 	Mouton
Allen Thomas	Thomas, Allen 	Thomas
Ambrose R. Wright	Wright, Ambrose R. 	Wright
Andrew Russell Barbee, Jr.	Barbee, Andrew Russell 	Barbee
A. P. Hill	Hill, A. P. 	Hill
Archer Allen Phlegar	Phlegar, Archer Allen 	Phlegar
Archibald C. Godwin	Godwin, Archibald C. 	Godwin
Archibald Gracie III	Gracie, Archibald 	Gracie
Archibald S. Dobbins	Dobbins, Archibald S. 	Dobbins
Archibald T. MacIntyre	MacIntyre, Archibald T. 	MacIntyre
Arnold Elzey	Elzey, Arnold 	Elzey
Arthur Middleton Manigault	Manigault, Arthur Middleton 	Manigault
Augustus A. Chapman	Chapman, Augustus A. 	Chapman
Barnard Elliott Bee, Jr.	Bee, Barnard Elliott 	Bee
Basil W. Duke	Duke, Basil W. 	Duke
Benjamin Anderson 	Anderson, Benjamin 	Anderson
Benjamin F. Cheatham	Cheatham, Benjamin F. 	Cheatham
Benjamin Franklin Gordon	Gordon, Benjamin Franklin 	Gordon
Benjamin G. Humphreys	Humphreys, Benjamin G. 	Humphreys
Benjamin Hardin Helm	Helm, Benjamin Hardin 	Helm
Benjamin Huger 	Huger, Benjamin 	Huger
Benjamin J. Hill	Hill, Benjamin J. 	Hill
Benjamin McCulloch	McCulloch, Benjamin 	McCulloch
Benjamin Stephen Hooper	Hooper, Benjamin Stephen 	Hooper
Beverly B. Douglas	Douglas, Beverly B. 	Douglas
Beverly Robertson	Robertson, Beverly 	Robertson
Birkett D. Fry	Fry, Birkett D. 	Fry
Braxton Bragg	Bragg, Braxton 	Bragg
Bryan Grimes	Grimes, Bryan 	Grimes
Bryan M. Thomas	Thomas, Bryan M. 	Thomas
Cadmus M. Wilcox	Wilcox, Cadmus M. 	Wilcox
Camille Armand Jules Marie, Prince de Polignac	Polignac, Camille Armand Jules Marie Prince de 	Polignac
Carnot Posey	Posey, Carnot 	Posey
Carter L. Stevenson	Stevenson, Carter L. 	Stevenson
Charles Clark 	Clark, Charles 	Clark
Charles G. Dahlgren	Dahlgren, Charles G. 	Dahlgren
Charles J. Faulkner	Faulkner, Charles J. 	Faulkner
Charles Manly Stedman	Stedman, Charles Manly 	Stedman
Charles M. Shelley	Shelley, Charles M. 	Shelley
Charles Sidney Winder	Winder, Charles Sidney 	Winder
Charles S. Thomas	Thomas, Charles S. 	Thomas
Charles Triplett O'Ferrall	O'Ferrall, Charles Triplett 	O'Ferrall
Charles W. Adams	Adams, Charles W. 	Adams
Charles W. Field	Field, Charles W. 	Field
Christopher C. Bowen	Bowen, Christopher C. 	Bowen
Claudius C. Wilson	Wilson, Claudius C. 	Wilson
Claudius W. Sears	Sears, Claudius W. 	Sears
Clement H. Stevens	Stevens, Clement H. 	Stevens
Collett Leventhorpe	Leventhorpe, Collett 	Leventhorpe
Colton Greene	Greene, Colton 	Greene
Cullen A. Battle	Battle, Cullen A. 	Battle
Dabney H. Maury	Maury, Dabney H. 	Maury
Dandridge McRae	McRae, Dandridge 	McRae
Daniel Govan	Govan, Daniel 	Govan
Daniel Harvey Hill	Hill, Daniel Harvey 	Hill
Daniel H. Reynolds	Reynolds, Daniel H. 	Reynolds
Daniel M. Frost	Frost, Daniel M. 	Frost
Daniel Ruggles	Ruggles, Daniel 	Ruggles
Daniel Smith Donelson	Donelson, Daniel Smith 	Donelson
Daniel Weisiger Adams	Adams, Daniel Weisiger 	Adams
Danville Leadbetter	Leadbetter, Danville 	Leadbetter
David A. Weisiger	Weisiger, David A. 	Weisiger
David Bullock Harris	Harris, David Bullock 	Harris
David E. Twiggs	Twiggs, David E. 	Twiggs
David Gardiner Tyler	Tyler, David Gardiner 	Tyler
Dewitt Clinton Giddings	Giddings, Dewitt Clinton 	Giddings
Douglas H. Cooper	Cooper, Douglas H. 	Cooper
Dudley M. DuBose	DuBose, Dudley M. 	DuBose
Dunbar's Guerillas	Guerillas, Dunbar's 	Guerillas
E. B. Teague	Teague, E. B. 	Teague
Edmund Kirby Smith	Smith, Edmund Kirby 	Smith
Edmund Pettus	Pettus, Edmund 	Pettus
Edward A. O'Neal	O'Neal, Edward A. 	O'Neal
Edward Clark 	Clark, Edward 	Clark
Edward C. Walthall	Walthall, Edward C. 	Walthall
Edward Higgins 	Higgins, Edward 	Higgins
Edward Lloyd Thomas	Thomas, Edward Lloyd 	Thomas
Edwin Gray Lee	Lee, Edwin Gray 	Lee
Elkanah Greer	Greer, Elkanah 	Greer
Ellison Capers	Capers, Ellison 	Capers
Felix Huston Robertson	Robertson, Felix Huston 	Robertson
Fitzhugh Lee	Lee, Fitzhugh 	Lee
Francis Cockrell	Cockrell, Francis 	Cockrell
Francis Marion Walker	Walker, Francis Marion 	Walker
Frank A. Montgomery	Montgomery, Frank A. 	Montgomery
Gabriel J. Rains	Rains, Gabriel J. 	Rains
Gaspar Tochman	Tochman, Gaspar 	Tochman
George A. Porterfield	Porterfield, George A. 	Porterfield
George Baird Hodge	Hodge, George Baird 	Hodge
George B. Cosby	Cosby, George B. 	Cosby
George B. Crittenden	Crittenden, George B. 	Crittenden
George Cabell	Cabell, George 	Cabell
George D. Tillman	Tillman, George D. 	Tillman
George D. Wise	Wise, George D. 	Wise
George E. Dixon	Dixon, George E. 	Dixon
George Gibbs Dibrell	Dibrell, George Gibbs 	Dibrell
George H. Steuart 	Steuart, George H. 	Steuart
George Johnstone 	Johnstone, George 	Johnstone
George Maney	Maney, George 	Maney
George P. Doles	Doles, George P. 	Doles
George Pickett	Pickett, George 	Pickett
George T. Anderson	Anderson, George T. 	Anderson
George Tankard Garrison	Garrison, George Tankard 	Garrison
George Thomas Barnes	Barnes, George Thomas 	Barnes
George Washington Custis Lee	Lee, George Washington Custis 	Lee
George Washington Jones 	Jones, George Washington 	Jones
George W. Croft	Croft, George W. 	Croft
George W. Dargan	Dargan, George W. 	Dargan
George W. Johnson 	Johnson, George W. 	Johnson
George W. Randolph	Randolph, George W. 	Randolph
George W. Shell	Shell, George W. 	Shell
Gilbert S. Meem	Meem, Gilbert S. 	Meem
Goode Bryan	Bryan, Goode 	Bryan
Gustavus Woodson Smith	Smith, Gustavus Woodson 	Smith
Hamilton P. Bee	Bee, Hamilton P. 	Bee
Harry T. Hays	Hays, Harry T. 	Hays
Henry Gray 	Gray, Henry 	Gray
Henry Harrison Walker	Walker, Henry Harrison 	Walker
Henry Heth	Heth, Henry 	Heth
Henry Hopkins Sibley	Sibley, Henry Hopkins 	Sibley
Henry L. Benning	Benning, Henry L. 	Benning
Henry Marshall Ashby	Ashby, Henry Marshall 	Ashby
Henry M. Mathews	Mathews, Henry M. 	Mathews
Henry Warren Ogden	Ogden, Henry Warren 	Ogden
Henry Washington Hilliard	Hilliard, Henry Washington 	Hilliard
Henry Watkins Allen	Allen, Henry Watkins 	Allen
Hiram B. Granbury	Granbury, Hiram B. 	Granbury
Horace Randal	Randal, Horace 	Randal
Howell Cobb	Cobb, Howell 	Cobb
Hugh W. Mercer	Mercer, Hugh W. 	Mercer
Humphrey Marshall 	Marshall, Humphrey 	Marshall
Hylan B. Lyon	Lyon, Hylan B. 	Lyon
Isaac M. St. John	John, Isaac M. St. 	John
Isaac R. Trimble	Trimble, Isaac R. 	Trimble
Isham Warren Garrott	Garrott, Isham Warren 	Garrott
Jacob H. Sharp	Sharp, Jacob H. 	Sharp
James A. Walker	Walker, James A. 	Walker
James B. Gordon	Gordon, James B. 	Gordon
James Boggs 	Boggs, James 	Boggs
James B. Terrill	Terrill, James B. 	Terrill
James Camp Tappan	Tappan, James Camp 	Tappan
James Cantey	Cantey, James 	Cantey
James Chesnut, Jr.	Chesnut, James 	Chesnut
James C. McDearmon	McDearmon, James C. 	McDearmon
James Conner 	Conner, James 	Conner
James Craig 	Craig, James 	Craig
James D. Richardson	Richardson, James D. 	Richardson
James E. Harrison	Harrison, James E. 	Harrison
James E. Slaughter	Slaughter, James E. 	Slaughter
James F. Epes	Epes, James F. 	Epes
James Green Martin	Martin, James Green 	Martin
James Hagan 	Hagan, James 	Hagan
James Harvey Carson	Carson, James Harvey 	Carson
James Henderson Berry	Berry, James Henderson 	Berry
James Henderson Blount	Blount, James Henderson 	Blount
James H. Kelley	Kelley, James H. 	Kelley
James H. McBride	McBride, James H. 	McBride
James Hoge Tyler	Tyler, James Hoge 	Tyler
James Holt Clanton	Clanton, James Holt 	Clanton
James L. Alcorn	Alcorn, James L. 	Alcorn
James Lawrence Orr	Orr, James Lawrence 	Orr
James L. Kemper	Kemper, James L. 	Kemper
James Longstreet	Longstreet, James 	Longstreet
James L. Robinson	Robinson, James L. 	Robinson
James M. Goggin	Goggin, James M. 	Goggin
James Morrison Hawes	Hawes, James Morrison 	Hawes
James Norton 	Norton, James 	Norton
James P. Simms	Simms, James P. 	Simms
James Ronald Chalmers	Chalmers, James Ronald 	Chalmers
James T. Holtzclaw	Holtzclaw, James T. 	Holtzclaw
James William Boyd	Boyd, James William 	Boyd
Jeptha Vining Harris 	Harris, Jeptha Vining 	Harris
Jeremy Francis Gilmer	Gilmer, Jeremy Francis 	Gilmer
Jerome B. Robertson	Robertson, Jerome B. 	Robertson
Jesse J. Finley	Finley, Jesse J. 	Finley
John Adams 	Adams, John 	Adams
John A. Wharton	Wharton, John A. 	Wharton
John Bell Hood	Hood, John Bell 	Hood
John B. Grayson	Grayson, John B. 	Grayson
John B. Magruder	Magruder, John B. 	Magruder
John Bordenave Villepigue	Villepigue, John Bordenave 	Villepigue
John Bratton	Bratton, John 	Bratton
John Bullock Clark	Clark, John Bullock 	Clark
John Calvin Fiser	Fiser, John Calvin 	Fiser
John C. Breckinridge	Breckinridge, John C. 	Breckinridge
John C. Brown	Brown, John C. 	Brown
John C. C. Sanders	Sanders, John C. C. 	Sanders
John C. Pemberton	Pemberton, John C. 	Pemberton
John David McAdoo	McAdoo, John David 	McAdoo
John Echols	Echols, John 	Echols
John George Walker	Walker, John George 	Walker
John Goff Ballentine	Ballentine, John Goff 	Ballentine
John Goode	Goode, John 	Goode
John Gregg 	Gregg, John 	Gregg
John H. Evins	Evins, John H. 	Evins
John Horace Forney	Forney, John Horace 	Forney
John Hunt Morgan	Morgan, John Hunt 	Morgan
John Lamb 	Lamb, John 	Lamb
John Lawrence Manning	Manning, John Lawrence 	Manning
John May Taylor	Taylor, John May 	Taylor
John Mobberly	Mobberly, John 	Mobberly
John Paul, Sr. 	Paul, John 	Paul
John Pegram 	Pegram, John 	Pegram
John Peter Richardson III	Richardson, John Peter 	Richardson
John R. Jones	Jones, John R. 	Jones
John R. Neal	Neal, John R. 	Neal
John Robert Brown 	Brown, John Robert 	Brown
John Rogers Cooke	Cooke, John Rogers 	Cooke
John Selden Roane	Roane, John Selden 	Roane
John Sergeant Wise	Wise, John Sergeant 	Wise
John S. Marmaduke	Marmaduke, John S. 	Marmaduke
Johnson Hagood 	Hagood, Johnson 	Hagood
John S. Preston	Preston, John S. 	Preston
John S. Richardson	Richardson, John S. 	Richardson
John Stuart Williams	Williams, John Stuart 	Williams
John Thomas Lewis Preston	Preston, John Thomas Lewis 	Preston
John W. Daniel	Daniel, John W. 	Daniel
John W. Lawson	Lawson, John W. 	Lawson
Joseph B. Kershaw	Kershaw, Joseph B. 	Kershaw
Joseph Finnegan 	Finnegan, Joseph 	Finnegan
Joseph Horace Lewis	Lewis, Joseph Horace 	Lewis
Joseph Lancaster Brent	Brent, Joseph Lancaster 	Brent
Joseph O. Shelby	Shelby, Joseph O. 	Shelby
Joseph Wheeler	Wheeler, Joseph 	Wheeler
Josiah Gorgas	Gorgas, Josiah 	Gorgas
Josiah Patterson	Patterson, Josiah 	Patterson
Julius A. De Lagnel	Lagnel, Julius A. De 	Lagnel
Junius Daniel	Daniel, Junius 	Daniel
Laurence M. Keitt	Keitt, Laurence M. 	Keitt
Leonidas Polk	Polk, Leonidas 	Polk
Leroy Augustus Stafford	Stafford, Leroy Augustus 	Stafford
LeRoy Pope Walker	Walker, LeRoy Pope 	Walker
Levin Major Lewis	Lewis, Levin Major 	Lewis
Lloyd Tilghman	Tilghman, Lloyd 	Tilghman
Lola Sánchez 	Sánchez, Lola 	Sánchez
Louis Hébert 	Hébert, Louis 	Hébert
Lucius B. Northrop	Northrop, Lucius B. 	Northrop
Lucius E. Polk	Polk, Lucius E. 	Polk
Lucius Jeremiah Gartrell	Gartrell, Lucius Jeremiah 	Gartrell
Lucius M. Walker	Walker, Lucius M. 	Walker
Lucius Quintus Cincinnatus Lamar II	Lamar, Lucius Quintus Cincinnatus 	Lamar
Mansfield Lovell	Lovell, Mansfield 	Lovell
Manuel S. Corley	Corley, Manuel S. 	Corley
Marcellus Augustus Stovall	Stovall, Marcellus Augustus 	Stovall
Marcellus Jerome Clarke	Clarke, Marcellus Jerome 	Clarke
Marcus Joseph Wright	Wright, Marcus Joseph 	Wright
Martin Luther Smith	Smith, Martin Luther 	Smith
Mathew Ector	Ector, Mathew 	Ector
Matthew Butler	Butler, Matthew 	Butler
Matt Whitaker Ransom	Ransom, Matt Whitaker 	Ransom
Maxcy Gregg	Gregg, Maxcy 	Gregg
Milledge Luke Bonham	Bonham, Milledge Luke 	Bonham
M. Jeff Thompson	Thompson, M. Jeff 	Thompson
Montgomery Dent Corse	Corse, Montgomery Dent 	Corse
Moses Wright Hannon	Hannon, Moses Wright 	Hannon
Moxley Sorrel	Sorrel, Moxley 	Sorrel
Nathan Bedford Forrest	Forrest, Nathan Bedford 	Forrest
Nathan George Evans	Evans, Nathan George 	Evans
Nathaniel Edwin Harris	Harris, Nathaniel Edwin 	Harris
Nathaniel H. Harris	Harris, Nathaniel H. 	Harris
Nicholas Bartlett Pearce	Pearce, Nicholas Bartlett 	Pearce
Nicholas N. Cox	Cox, Nicholas N. 	Cox
Oran Milo Roberts	Roberts, Oran Milo 	Roberts
Otho F. Strahl	Strahl, Otho F. 	Strahl
Patrick Cleburne	Cleburne, Patrick 	Cleburne
Patrick T. Moore	Moore, Patrick T. 	Moore
Paul C. Edmunds	Edmunds, Paul C. 	Edmunds
Paul Octave Hébert	Hébert, Paul Octave 	Hébert
Peter Burwell Starke	Starke, Peter Burwell 	Starke
Peter J. Otey	Otey, Peter J. 	Otey
P. G. T. Beauregard	Beauregard, P. G. T. 	Beauregard
Philip B. Thompson, Jr.	Thompson, Philip B. 	Thompson
Philip St. George Cocke	Cocke, Philip St. George 	Cocke
Phillip Roddey	Roddey, Phillip 	Roddey
Pinckney Downie Bowles	Bowles, Pinckney Downie 	Bowles
Presley T. Glass	Glass, Presley T. 	Glass
Randall L. Gibson	Gibson, Randall L. 	Gibson
Raphael Semmes	Semmes, Raphael 	Semmes
Reuben Lindsay Walker	Walker, Reuben Lindsay 	Walker
Reuben Walker Carswell	Carswell, Reuben Walker 	Carswell
Rice Alexander Pierce	Pierce, Rice Alexander 	Pierce
Rice E. Graves	Graves, Rice E. 	Graves
Richard Alsop Wise	Wise, Richard Alsop 	Wise
Richard B. Garnett	Garnett, Richard B. 	Garnett
Richard B. Hubbard	Hubbard, Richard B. 	Hubbard
Richard C. Gatlin	Gatlin, Richard C. 	Gatlin
Richard Chichester Mason	Mason, Richard Chichester 	Mason
Richard Griffith 	Griffith, Richard 	Griffith
Richard Henry Dulany	Dulany, Richard Henry 	Dulany
Richard L. T. Beale	Beale, Richard L. T. 	Beale
Richard Montgomery Gano	Gano, Richard Montgomery 	Gano
Richard S. Ewell	Ewell, Richard S. 	Ewell
Richard Thomas Walker Duke	Duke, Richard Thomas Walker 	Duke
Robert Bullock	Bullock, Robert 	Bullock
Robert B. Vance	Vance, Robert B. 	Vance
Robert E. Rodes	Rodes, Robert E. 	Rodes
Robert G. Shaver	Shaver, Robert G. 	Shaver
Robert H. Chilton	Chilton, Robert H. 	Chilton
Robert H. Hatton	Hatton, Robert H. 	Hatton
Robert Hoke	Hoke, Robert 	Hoke
Robert Johnson Henderson	Henderson, Robert Johnson 	Henderson
Robert Lowry 	Lowry, Robert 	Lowry
Robert Murphy Mayo	Mayo, Robert Murphy 	Mayo
Robert Ould	Ould, Robert 	Ould
Robert Plunket Maclay	Maclay, Robert Plunket 	Maclay
Robert S. Garnett	Garnett, Robert S. 	Garnett
Robert V. Richardson	Richardson, Robert V. 	Richardson
Roger Atkinson Pryor	Pryor, Roger Atkinson 	Pryor
Roger Hanson	Hanson, Roger 	Hanson
Roswell S. Ripley	Ripley, Roswell S. 	Ripley
Rufus Barringer	Barringer, Rufus 	Barringer
Samuel B. Maxey	Maxey, Samuel B. 	Maxey
Samuel Gibbs French	French, Samuel Gibbs 	French
Samuel I. Hopkins	Hopkins, Samuel I. 	Hopkins
Samuel J. Gholson	Gholson, Samuel J. 	Gholson
Scott Field 	Field, Scott 	Field
Seth Barton	Barton, Seth 	Barton
Sidney D. Jackman	Jackman, Sidney D. 	Jackman
Simon Bolivar Buckner	Buckner, Simon Bolivar 	Buckner
Smith S. Turner	Turner, Smith S. 	Turner
Solon Borland	Borland, Solon 	Borland
Stephen D. Lee	Lee, Stephen D. 	Lee
Sterling Price	Price, Sterling 	Price
Stovepipe Johnson	Johnson, Stovepipe 	Johnson
Theodore C. Pilcher	Pilcher, Theodore C. 	Pilcher
Thomas Benton Smith	Smith, Thomas Benton 	Smith
Thomas Bothwell Jeter	Jeter, Thomas Bothwell 	Jeter
Thomas Croxton	Croxton, Thomas 	Croxton
Thomas Drayton	Drayton, Thomas 	Drayton
Thomas Flournoy	Flournoy, Thomas 	Flournoy
Thomas F. Toon	Toon, Thomas F. 	Toon
Thomas Harrison 	Harrison, Thomas 	Harrison
Thomas H. B. Browne	Browne, Thomas H. B. 	Browne
Thomas H. Taylor	Taylor, Thomas H. 	Taylor
Thomas James Churchill	Churchill, Thomas James 	Churchill
Thomas Jordan 	Jordan, Thomas 	Jordan
Thomas Jordan Jarvis	Jarvis, Thomas Jordan 	Jarvis
Thomas J. Strait	Strait, Thomas J. 	Strait
Thomas L. Rosser	Rosser, Thomas L. 	Rosser
Thomas M. Logan	Logan, Thomas M. 	Logan
Thomas Neville Waul	Waul, Thomas Neville 	Waul
Thomas T. Munford	Munford, Thomas T. 	Munford
Thomas Whitehead	Whitehead, Thomas 	Whitehead
TJ Goree	Goree, TJ 	Goree
Tyree H. Bell	Bell, Tyree H. 	Bell
Victor Girardey	Girardey, Victor 	Girardey
Walter Gwynn	Gwynn, Walter 	Gwynn
Walter H. Stevens	Stevens, Walter H. 	Stevens
Walter P. Lane	Lane, Walter P. 	Lane
Washington C. Whitthorne	Whitthorne, Washington C. 	Whitthorne
Wilburn Hill King	King, Wilburn Hill 	King
William Andrew Quarles	Quarles, William Andrew 	Quarles
William A. Rinehart	Rinehart, William A. 	Rinehart
William Barksdale	Barksdale, William 	Barksdale
William B. Bate	Bate, William B. 	Bate
William Beall	Beall, William 	Beall
William B. Taliaferro	Taliaferro, William B. 	Taliaferro
William Campbell Preston Breckinridge	Breckinridge, William Campbell Preston 	Breckinridge
William Duncan Smith	Smith, William Duncan 	Smith
William Dunlap Simpson	Simpson, William Dunlap 	Simpson
William E. Gaines	Gaines, William E. 	Gaines
William Elliott 	Elliott, William 	Elliott
William E. Starke	Starke, William E. 	Starke
William F. Perry	Perry, William F. 	Perry
William F. Tucker	Tucker, William F. 	Tucker
William G. Lewis	Lewis, William G. 	Lewis
William G. M. Davis	Davis, William G. M. 	Davis
William Harrison Martin	Martin, William Harrison 	Martin
William H. Brawley	Brawley, William H. 	Brawley
William H. Cate	Cate, William H. 	Cate
William Henry Carroll	Carroll, William Henry 	Carroll
William Henry Fitzhugh Lee	Lee, William Henry Fitzhugh 	Lee
William Henry Harman	Harman, William Henry 	Harman
William Henry Wallace	Wallace, William Henry 	Wallace
William H. F. Payne	Payne, William H. F. 	Payne
William Hicks Jackson	Jackson, William Hicks 	Jackson
William Hodges Mann	Mann, William Hodges 	Mann
William H. Perry	Perry, William H. 	Perry
William Hugh Young	Young, William Hugh 	Young
William J. Hardee	Hardee, William J. 	Hardee
William Lewis Cabell	Cabell, William Lewis 	Cabell
William Lovenstein	Lovenstein, William 	Lovenstein
William Mahone	Mahone, William 	Mahone
William M. Browne	Browne, William M. 	Browne
William M. Gardner	Gardner, William M. 	Gardner
William Miller 	Miller, William 	Miller
William N. Pendleton	Pendleton, William N. 	Pendleton
William Paul Roberts	Roberts, William Paul 	Roberts
William Polk Hardeman	Hardeman, William Polk 	Hardeman
William Porcher Miles	Miles, William Porcher 	Miles
William Preston 	Preston, William 	Preston
William R. Boggs	Boggs, William R. 	Boggs
William R. Peck	Peck, William R. 	Peck
William Smith 	Smith, William 	Smith
William Stephen Walker	Walker, William Stephen 	Walker
William Terry 	Terry, William 	Terry
William T. Martin	Martin, William T. 	Martin
William T. Wofford	Wofford, William T. 	Wofford
William Whedbee Kirkland	Kirkland, William Whedbee 	Kirkland
William Wirt Adams	Adams, William Wirt 	Adams
William W. Loring	Loring, William W. 	Loring
William W. Mackall	Mackall, William W. 	Mackall
William Y. Slack	Slack, William Y. 	Slack
Wilmot Gibbes de Saussure	Saussure, Wilmot Gibbes de 	Saussure
W. Jasper Talbert	Talbert, W. Jasper 	Talbert
Xavier Debray	Debray, Xavier 	Debray
Young Marshall Moody	Moody, Young Marshall 	Moody
Zachariah C. Deas	Deas, Zachariah C. 	Deas
